latent_step,raw_frame_idx,rms_contrast,optical_flow,unpredictability_h1_euclidean,unpredictability_h2_euclidean,unpredictability_h3_euclidean
0,0,0.0,2.5267689e-06,96.8107681274414,96.94673156738281,97.04837799072266
1,1,0.0,2.5267689e-06,96.8107681274414,96.94673156738281,97.04837799072266
2,2,0.0,2.5267689e-06,96.8107681274414,96.94673156738281,97.04837799072266
3,3,0.0,2.5267689e-06,96.8107681274414,96.94673156738281,97.04837799072266
4,4,0.0,2.5267689e-06,96.8107681274414,96.94673156738281,97.04837799072266
5,5,0.0,2.5267689e-06,96.8107681274414,96.94673156738281,97.04837799072266
6,6,0.0,2.5267689e-06,96.8107681274414,96.94673156738281,97.04837799072266
7,7,5.237150782035342e-06,2.662092e-06,96.8107681274414,96.94673156738281,97.04837799072266
8,8,0.0,2.5267689e-06,96.8107681274414,96.94673156738281,97.04837799072266
9,9,0.0,2.5267689e-06,96.8107681274414,96.94673156738281,97.04837799072266
10,10,0.0,2.5267689e-06,96.8107681274414,96.94673156738281,97.04837799072266
11,11,0.0,2.5267689e-06,96.8107681274414,96.94673156738281,96.82231140136719
12,12,0.0,2.5267689e-06,96.8107681274414,96.61087036132812,96.597412109375
13,13,1.3259698555879642,0.13843419,96.1313705444336,96.27674102783203,96.37252044677734
14,14,1.5323256591423682e-05,8.411936e-06,96.1348876953125,96.27847290039062,96.37367248535156
15,15,2.5657865477070475e-05,7.9598107e-07,96.1348876953125,96.27847290039062,96.37367248535156
16,16,0.0,2.5270351e-06,96.1348876953125,96.27847290039062,96.37367248535156
17,17,0.0,2.5270351e-06,96.1348876953125,96.27847290039062,96.37367248535156
18,18,0.0,2.5270351e-06,96.1348876953125,96.27847290039062,96.37367248535156
19,19,0.0,2.5270351e-06,96.1348876953125,96.27847290039062,96.37367248535156
20,20,0.0,2.5270351e-06,96.1348876953125,96.27847290039062,96.37367248535156
21,21,0.0,2.5270351e-06,96.1348876953125,96.27847290039062,96.37367248535156
22,22,0.0,2.5270351e-06,96.1348876953125,96.27847290039062,96.37367248535156
23,23,0.0,2.5270351e-06,96.92552947998047,96.9482650756836,96.95053100585938
24,24,0.0,2.5270351e-06,96.9286117553711,96.95106506347656,96.95298767089844
25,25,0.0,2.5270351e-06,96.9286117553711,96.95106506347656,96.95298767089844
26,26,0.0,2.5270351e-06,96.9286117553711,96.95106506347656,96.95298767089844
27,27,0.0,2.5270351e-06,96.9286117553711,96.95106506347656,96.95298767089844
28,28,0.0,2.5270351e-06,96.9286117553711,96.95106506347656,96.95298767089844
29,29,0.0,2.5270351e-06,96.9286117553711,96.95106506347656,96.95298767089844
30,30,0.0,2.5270351e-06,96.9286117553711,96.95106506347656,96.95298767089844
31,31,0.0,2.5270351e-06,96.9286117553711,96.95106506347656,96.95298767089844
32,32,0.0,2.5270351e-06,96.9286117553711,96.95106506347656,96.95298767089844
33,33,0.0,2.5270351e-06,96.9286117553711,96.95106506347656,96.95298767089844
34,34,0.0,2.5270351e-06,96.9286117553711,96.95106506347656,96.95298767089844
35,35,0.0,2.5270351e-06,96.9286117553711,96.95106506347656,96.95298767089844
36,36,0.0,2.5270351e-06,96.9286117553711,96.95106506347656,96.95298767089844
37,37,0.0,2.5270351e-06,96.9286117553711,96.95106506347656,96.95298767089844
38,38,0.0,2.5270351e-06,96.9286117553711,96.95106506347656,96.95298767089844
39,39,0.0,2.5270351e-06,96.9286117553711,96.95106506347656,96.95298767089844
40,40,0.0,2.5270351e-06,96.9286117553711,96.95106506347656,96.95298767089844
41,41,0.0,2.5270351e-06,96.9286117553711,96.95106506347656,96.95861053466797
42,42,0.0,2.5270351e-06,96.9286117553711,96.95948791503906,96.97012329101562
43,43,0.00011555387522651668,9.958815e-06,96.94548034667969,96.97679138183594,96.9842300415039
44,44,0.00017093743374175063,1.24386825e-05,96.96324157714844,96.98951721191406,96.99552154541016
45,45,0.00015334111401794378,1.428753e-05,96.97093200683594,96.99757385253906,97.00088500976562
46,46,0.0001691411282123579,2.5527792e-05,96.97938537597656,97.00179290771484,97.00369262695312
47,47,0.0,2.527036e-06,96.97938537597656,97.00179290771484,97.00369262695312
48,48,0.0,2.527036e-06,96.97938537597656,97.00179290771484,97.00369262695312
49,49,0.0,2.527036e-06,96.97938537597656,97.00179290771484,97.00369262695312
50,50,0.0,2.527036e-06,96.97938537597656,97.00179290771484,97.00369262695312
51,51,0.0,2.527036e-06,96.97938537597656,97.00179290771484,97.00369262695312
52,52,0.0,2.527036e-06,96.97938537597656,97.00179290771484,97.00369262695312
53,53,0.0,2.527036e-06,96.99655151367188,97.01718139648438,97.01748657226562
54,54,0.0,2.527036e-06,96.99995422363281,97.01980590820312,97.01944732666016
55,55,0.0,2.527036e-06,97.00186920166016,97.02159881591797,97.02115631103516
56,56,0.0,2.527036e-06,96.99462127685547,97.01561737060547,97.01634216308594
57,57,0.0,2.527036e-06,96.99462127685547,97.01561737060547,97.01634216308594
58,58,0.0,2.527036e-06,96.99462127685547,97.01561737060547,97.01634216308594
59,59,0.0,2.527036e-06,96.99462127685547,97.01561737060547,97.01634216308594
60,60,0.0,2.527036e-06,96.99462127685547,97.01561737060547,97.01634216308594
61,61,0.0,2.527036e-06,96.99462127685547,97.01561737060547,97.01634216308594
62,62,0.0,2.527036e-06,96.99462127685547,97.01561737060547,97.01634216308594
63,63,0.0,2.527036e-06,96.99462127685547,97.01561737060547,97.01634216308594
64,64,0.0,2.527036e-06,96.99462127685547,97.01561737060547,97.01634216308594
65,65,0.0,2.527036e-06,96.99462127685547,97.01561737060547,97.01634216308594
66,66,0.0,2.527036e-06,96.99462127685547,97.01561737060547,97.01634216308594
67,67,0.0,2.527036e-06,96.99462127685547,97.01561737060547,97.01634216308594
68,68,0.0,2.527036e-06,96.99462127685547,97.01561737060547,97.01634216308594
69,69,0.0,2.527036e-06,96.99462127685547,97.01561737060547,97.01634216308594
70,70,0.0,2.527036e-06,96.99462127685547,97.01561737060547,97.01634216308594
71,71,0.0,2.527036e-06,96.99462127685547,97.01561737060547,97.01634216308594
72,72,0.0,2.527036e-06,96.99462127685547,97.01561737060547,97.01634216308594
73,73,0.0,2.527036e-06,96.99462127685547,97.01561737060547,97.01634216308594
74,74,0.0,2.527036e-06,96.99462127685547,97.01561737060547,97.01634216308594
75,75,0.0,2.527036e-06,96.99462127685547,97.01561737060547,97.01634216308594
76,76,0.0,2.527036e-06,96.99462127685547,97.01561737060547,97.01634216308594
77,77,0.0,2.527036e-06,96.99462127685547,97.01561737060547,97.01634216308594
78,78,0.0,2.527036e-06,96.99462127685547,97.01561737060547,97.01634216308594
79,79,0.0,2.527036e-06,96.99462127685547,97.01561737060547,97.01634216308594
80,80,0.0,2.527036e-06,96.99462127685547,97.01561737060547,97.01634216308594
81,81,0.0,2.527036e-06,96.99462127685547,97.01561737060547,97.01634216308594
82,82,0.0,2.527036e-06,96.99462127685547,97.01561737060547,97.01634216308594
83,83,0.0,2.527036e-06,96.99462127685547,97.01561737060547,97.01634216308594
84,84,0.0,2.527036e-06,96.99462127685547,97.01561737060547,97.01634216308594
85,85,0.0,2.527036e-06,96.99462127685547,97.01561737060547,97.01634216308594
86,86,0.0,2.527036e-06,96.99462127685547,97.01561737060547,97.87548065185547
87,87,0.0,2.527036e-06,96.99462127685547,98.31177520751953,98.73461151123047
88,88,1.8195963464676177,0.3648075,99.61155700683594,99.6079330444336,99.59176635742188
89,89,0.0,2.5270338e-06,99.61155700683594,99.60496520996094,99.58979034423828
90,90,3.062431218564962e-05,4.946851e-05,99.60565185546875,99.60201263427734,99.58779907226562
91,91,0.0,2.5270338e-06,99.60565185546875,99.60201263427734,99.58779907226562
92,92,0.0,2.5270338e-06,99.60565185546875,99.60201263427734,99.58779907226562
93,93,0.0,2.5270338e-06,99.60565185546875,99.60201263427734,99.58779907226562
94,94,0.0,2.5270338e-06,99.60565185546875,99.60201263427734,99.58779907226562
95,95,0.0,2.5270338e-06,99.60565185546875,99.60201263427734,99.58779907226562
96,96,0.0,2.5270338e-06,99.60565185546875,99.60201263427734,99.58779907226562
97,97,0.0,2.5270338e-06,99.60565185546875,99.60201263427734,99.58779907226562
98,98,0.0,2.5270338e-06,98.11627960205078,98.37108612060547,98.57122039794922
99,99,0.0,2.5270338e-06,98.11627960205078,98.37108612060547,98.57122039794922
100,100,0.0,2.5270338e-06,98.10830688476562,98.36795043945312,98.57118225097656
101,101,0.0,2.5270338e-06,98.10830688476562,98.36793518066406,98.58443450927734
102,102,4.8947518639146316e-05,8.832426e-06,98.10816955566406,98.38794708251953,98.60419464111328
103,103,0.0008830660698621819,4.1289004e-05,98.14810943603516,98.41770935058594,98.62496185302734
104,104,0.0001615841603965173,1.4668763e-05,98.16704559326172,98.42899322509766,98.63505554199219
105,105,2.106839230037634e-06,9.966537e-06,98.17013549804688,98.43441009521484,98.6385726928711
106,106,0.00024953896351984404,1.1136498e-05,98.17774963378906,98.43814086914062,98.64236450195312
107,107,0.00018366467602432484,2.2778706e-05,98.1775894165039,98.43987274169922,98.64349365234375
108,108,4.968797722571371e-05,1.2039171e-05,98.18122100830078,98.44165802001953,98.64427185058594
109,109,0.0001108713091335225,9.803156e-06,98.18097686767578,98.44087219238281,98.64419555664062
110,110,6.113631955780341e-05,1.5159422e-05,98.1795654296875,98.44084930419922,98.64415740966797
111,111,1.3239951876664036e-06,1.047846e-05,98.18090057373047,98.44151306152344,98.64461517333984
112,112,0.0,2.5270338e-06,98.17634582519531,98.43839263916016,98.64185333251953
113,113,0.0,2.5270338e-06,98.1247329711914,98.40029907226562,98.6102066040039
114,114,0.0,2.5270338e-06,98.11325073242188,98.3996353149414,98.62550354003906
115,115,0.0,2.5270338e-06,98.11154174804688,98.39762878417969,98.62347412109375
116,116,0.0,2.5270338e-06,98.10905456542969,98.39710998535156,98.62474060058594
117,117,0.0,2.5270338e-06,98.11800384521484,98.40641021728516,98.6357421875
118,118,0.0,2.5270338e-06,98.10693359375,98.39523315429688,98.63137817382812
119,119,0.0,2.5270338e-06,98.0984115600586,98.38560485839844,98.62448120117188
120,120,0.0,2.5270338e-06,98.10302734375,98.39102172851562,98.627197265625
121,121,0.0,2.5270338e-06,98.1063232421875,98.39444732666016,98.62964630126953
122,122,0.0,2.5270338e-06,98.1063232421875,98.39444732666016,98.62964630126953
123,123,0.0,2.5270338e-06,98.1063232421875,98.39444732666016,98.62964630126953
124,124,0.0,2.5270338e-06,98.10287475585938,98.39109802246094,98.62911224365234
125,125,0.0,2.5270338e-06,98.10287475585938,98.39109802246094,98.62911224365234
126,126,0.0,2.5270338e-06,98.10287475585938,98.39109802246094,98.62911224365234
127,127,0.0,2.5270338e-06,98.10287475585938,98.39109802246094,98.62911224365234
128,128,0.0,2.5270338e-06,98.10287475585938,98.39109802246094,98.62911224365234
129,129,0.0,2.5270338e-06,98.10287475585938,98.39109802246094,98.62911224365234
130,130,0.0,2.5270338e-06,98.10287475585938,98.39109802246094,99.37769317626953
131,131,0.0,2.5270338e-06,98.10287475585938,99.5090103149414,100.06425476074219
132,132,0.1410447684789356,0.019700633,100.3232650756836,100.5313491821289,100.78083038330078
133,133,0.138193780497456,0.021974657,100.1278076171875,100.47528839111328,100.8045425415039
134,134,0.3519098501222661,0.035947666,100.18651580810547,100.60015869140625,100.95001220703125
135,135,0.22121690665989757,0.032915726,100.36688232421875,100.77375030517578,101.18030548095703
136,136,0.12435280595009875,0.034095872,100.53523254394531,101.03448486328125,101.2289047241211
137,137,0.21186171835648662,0.046585724,100.882080078125,101.0224838256836,101.32278442382812
138,138,0.2216245431517885,0.07164565,100.53652954101562,100.99346160888672,101.60673522949219
139,139,0.2841135467084145,0.07872937,100.83909606933594,101.60299682617188,101.59459686279297
140,140,0.23227157781752453,0.08012573,101.73401641845703,101.42850494384766,101.79718017578125
141,141,0.27254655654036963,0.083610944,100.49317169189453,101.27680206298828,101.67545318603516
142,142,0.25007994263959704,0.08319129,101.12351989746094,101.4361572265625,101.59656524658203
143,143,0.21033247851338652,0.07792972,100.94610595703125,100.93508911132812,100.71951293945312
144,144,0.3958590897438627,0.11346895,100.96665954589844,100.40457916259766,100.42642211914062
145,145,0.26177077131309656,0.075203024,101.24991607666016,101.55694580078125,101.72882843017578
146,146,0.23764476115345898,0.07380244,102.8723373413086,102.94972229003906,102.93817901611328
147,147,0.27211388644838974,0.075035915,102.7935791015625,102.58306121826172,102.59541320800781
148,148,0.11817679123867378,0.036295313,102.0858383178711,102.34695434570312,101.99803161621094
149,149,0.3934037991878367,0.1101201,100.83743286132812,100.39620971679688,100.20220184326172
150,150,0.20655039420841398,0.0733084,102.17171478271484,101.96746063232422,102.48786163330078
151,151,0.23566784214172926,0.07147975,101.87030792236328,102.756103515625,102.72223663330078
152,152,0.2506575117762828,0.07381126,103.8336181640625,103.35707092285156,102.90827178955078
153,153,0.20684008697250306,0.073740445,103.05750274658203,102.59137725830078,102.49339294433594
154,154,0.22120894783599748,0.07297318,101.31436157226562,101.451416015625,101.25211334228516
155,155,0.22159322431568718,0.069500074,102.68795013427734,102.26815795898438,101.93753051757812
156,156,0.2107348059403162,0.06800286,102.09137725830078,101.8511962890625,101.86502075195312
157,157,0.11032926261507082,0.04855593,101.31595611572266,101.42787170410156,101.33716583251953
158,158,0.10280825122524706,0.036115874,101.35829162597656,101.21590423583984,100.76799774169922
159,159,0.07460730478882574,0.016876075,101.87632751464844,101.24726867675781,101.30396270751953
160,160,0.2199535655906052,0.037862804,98.99309539794922,99.60025787353516,99.5403823852539
161,161,0.32333294826370396,0.06366983,101.44442749023438,100.91899871826172,100.68883514404297
162,162,0.23090109302092152,0.11994192,99.24579620361328,99.25157165527344,99.25131225585938
163,163,6.773633754721705e-06,2.5272561e-06,98.85124206542969,98.95490264892578,99.01898193359375
164,164,0.0,2.526947e-06,100.57363891601562,100.48821258544922,100.41239166259766
165,165,0.0,2.526947e-06,99.6832046508789,99.68460845947266,99.68860626220703
166,166,6.773633754721705e-06,2.5272727e-06,99.97769165039062,99.99980163574219,100.01174926757812
167,167,6.773633754721705e-06,2.5272561e-06,100.24987030029297,100.2078628540039,100.17902374267578
168,168,0.0,2.526947e-06,99.99269104003906,99.93934631347656,99.89535522460938
169,169,0.0,2.526947e-06,99.5441665649414,99.64926147460938,99.73438262939453
170,170,6.773633754721705e-06,2.5272727e-06,98.88595581054688,99.01231384277344,99.18929290771484
171,171,6.773633754721705e-06,2.5272561e-06,99.17823791503906,99.32795715332031,99.50274658203125
172,172,0.0,2.526947e-06,98.09130096435547,98.37258911132812,98.61389923095703
173,173,0.0,2.526947e-06,98.09130096435547,98.37258911132812,98.61389923095703
174,174,6.773633754721705e-06,2.5272727e-06,98.09130096435547,98.37258911132812,98.61389923095703
175,175,6.773633754721705e-06,2.5272561e-06,98.09130096435547,98.37258911132812,98.61389923095703
176,176,0.0,2.526947e-06,98.09130096435547,98.37258911132812,98.61389923095703
177,177,0.0,2.526947e-06,98.09130096435547,98.37258911132812,98.61389923095703
178,178,6.773633754721705e-06,2.5272727e-06,98.09130096435547,98.37258911132812,98.61389923095703
179,179,6.773633754721705e-06,2.5272561e-06,98.09130096435547,98.37258911132812,98.61389923095703
180,180,0.0,2.526947e-06,98.09130096435547,98.37258911132812,98.60733032226562
181,181,0.0,2.526947e-06,98.09130096435547,98.36290740966797,98.88739013671875
182,182,1.690927862988586e-05,2.6660512e-06,98.072021484375,98.77767944335938,99.08414459228516
183,183,0.1405585972805122,0.019193077,98.89469146728516,99.07473754882812,99.00345611572266
184,184,0.16884432809034255,0.022395268,98.6412353515625,98.52338409423828,98.70975494384766
185,185,0.29863445748974055,0.032748688,97.79963684082031,98.20841217041016,98.32012939453125
186,186,0.055004510197504665,0.012609708,98.0186538696289,98.05152893066406,97.90023803710938
187,187,0.08203804045911646,0.026539542,97.49540710449219,97.32243347167969,97.60356903076172
188,188,0.13116886220601892,0.029335614,96.58759307861328,97.15176391601562,97.58220672607422
189,189,0.12634141503160287,0.038789105,97.17267608642578,97.58892059326172,97.90845489501953
190,190,0.1595032900157896,0.079627275,97.45726776123047,97.78209686279297,97.77635192871094
191,191,0.06566307230442286,0.031998247,97.55278778076172,97.44746398925781,97.83836364746094
192,192,0.25803005148408276,0.06835559,96.76382446289062,97.44075012207031,98.08760070800781
193,193,0.11690875336277193,0.03568812,98.77633666992188,99.22991943359375,100.13021087646484
194,194,0.2227592996405698,0.10341538,99.52689361572266,100.54552459716797,100.44933319091797
195,195,0.15270435695900103,0.06835304,101.73698425292969,101.03707885742188,101.46260833740234
196,196,0.15697130048398997,0.03446348,100.26969146728516,101.00833129882812,100.74979400634766
197,197,0.29637144730340853,0.10212579,102.45840454101562,101.8011474609375,101.44042205810547
198,198,0.14768252759365733,0.06669148,101.0860824584961,100.79634094238281,100.92294311523438
199,199,0.19825209198288032,0.06558895,100.57901763916016,100.89318084716797,101.19599151611328
200,200,0.2781834894976981,0.06585762,101.01705169677734,101.11408996582031,100.51309967041016
201,201,0.07635368836699082,0.033196308,101.45596313476562,100.60012817382812,100.73873901367188
202,202,0.22146139101495108,0.099653386,99.84765625,100.38646697998047,101.17385864257812
203,203,0.2095677105094492,0.06582729,100.73841094970703,101.52205657958984,101.336669921875
204,204,0.2633389919653287,0.065456696,102.38518524169922,101.136962890625,100.86412048339844
205,205,0.1456981645977937,0.065044075,100.2677001953125,100.3639144897461,100.38684844970703
206,206,0.07157040786749372,0.032303773,100.7896499633789,100.68472290039062,100.04373931884766
207,207,0.21619578756122348,0.09633696,101.2767562866211,100.02488708496094,99.78539276123047
208,208,0.16218937293799943,0.0640583,99.40330505371094,99.50641632080078,99.96222686767578
209,209,0.03720602047243947,0.03174416,99.56490325927734,100.23763275146484,100.50202178955078
210,210,0.13556066636517777,0.09352002,101.23983764648438,101.24484252929688,101.08251190185547
211,211,0.10970345716117902,0.0579815,101.20001220703125,100.70043182373047,100.270751953125
212,212,0.1432360797098363,0.04950096,101.2078857421875,100.59809112548828,100.75485229492188
213,213,0.059305729927789104,0.044370905,100.1258316040039,100.36048126220703,99.91674041748047
214,214,0.034678897103078164,0.020236725,100.76634216308594,99.90812683105469,99.60186767578125
215,215,0.12949284092559676,0.05424591,99.5292739868164,99.43881225585938,99.39270782470703
216,216,0.14396816585903613,0.030459907,99.04342651367188,98.94741821289062,98.85057830810547
217,217,0.03783089434044093,0.025602434,98.99244689941406,98.82183074951172,98.71446990966797
218,218,0.05343651630917693,0.02059795,99.27680969238281,99.1726303100586,99.13109588623047
219,219,0.03188577086341417,0.007896323,99.6051025390625,99.46499633789062,99.38594818115234
220,220,0.08316724656575442,0.08726072,99.59201049804688,99.60264587402344,99.59850311279297
221,221,0.07137905153915587,0.019695915,99.29737854003906,99.3709487915039,99.47907257080078
222,222,9.941737708254886e-06,2.5285244e-06,99.30428314208984,99.39800262451172,99.53899383544922
223,223,1.7236668571452217e-05,9.853671e-06,99.14266967773438,98.18282318115234,98.46011352539062
224,224,0.0,2.5273e-06,100.13814544677734,98.36980438232422,98.57524108886719
225,225,0.0,2.5273e-06,98.3364028930664,98.69466400146484,98.97137451171875
226,226,1.200898892651726e-05,6.0938837e-06,98.36140441894531,98.7069091796875,98.97952270507812
227,227,6.773633754721705e-06,2.5276092e-06,98.36140441894531,98.7069091796875,98.97952270507812
228,228,0.0,2.5273e-06,98.36140441894531,98.7069091796875,98.97952270507812
229,229,0.0,2.5273e-06,98.36140441894531,98.7069091796875,98.97952270507812
230,230,6.773633754721705e-06,2.527626e-06,98.36140441894531,98.7069091796875,98.97952270507812
231,231,6.773633754721705e-06,2.5276092e-06,98.36140441894531,98.7069091796875,98.97952270507812
232,232,0.0,2.5273e-06,98.36140441894531,98.7069091796875,98.97952270507812
233,233,0.0,2.5273e-06,98.3912353515625,98.72913360595703,98.99810028076172
234,234,6.773633754721705e-06,2.527626e-06,98.38473510742188,98.72303771972656,98.99214935302734
235,235,6.773633754721705e-06,2.5276092e-06,98.3912353515625,98.72913360595703,98.99810028076172
236,236,0.0,2.5273e-06,98.34365844726562,98.69181060791016,98.96389770507812
237,237,0.0,2.5273e-06,98.34365844726562,98.69181060791016,98.96389770507812
238,238,6.773633754721705e-06,2.527626e-06,98.34365844726562,98.69181060791016,98.99716186523438
239,239,0.0,2.5274703e-06,98.34365844726562,98.74063873291016,99.0304183959961
240,240,0.0032843356271293183,0.00044916084,98.43637084960938,98.78948211669922,99.06368255615234
241,241,4.400148705360747e-06,2.7832639e-06,98.43637084960938,98.78948211669922,99.06368255615234
242,242,0.0,1.7587301e-06,98.43637084960938,98.78948211669922,99.06368255615234
243,243,0.0,1.7587301e-06,98.43637084960938,98.78948211669922,99.06368255615234
244,244,4.790287582999056e-06,4.2656728e-05,98.43637084960938,98.78948211669922,99.06368255615234
245,245,0.0,1.7959844e-06,98.43637084960938,98.78948211669922,99.06368255615234
246,246,0.0,1.7959844e-06,98.43637084960938,98.78948211669922,99.06368255615234
247,247,0.0,1.7959844e-06,98.43637084960938,98.78948211669922,99.06368255615234
248,248,0.0,1.7959844e-06,98.43637084960938,98.78948211669922,99.06368255615234
249,249,0.0,1.7959844e-06,98.43637084960938,98.78948211669922,99.06368255615234
250,250,0.0,1.7959844e-06,98.20693969726562,98.35662078857422,98.49661254882812
251,251,0.0,1.7959844e-06,98.20693969726562,98.35662078857422,98.49661254882812
252,252,0.0,1.7959844e-06,98.20693969726562,98.35662078857422,98.49661254882812
253,253,0.0,1.7959844e-06,98.20693969726562,98.35662078857422,98.49661254882812
254,254,0.0,1.7959844e-06,98.20693969726562,98.35662078857422,98.49661254882812
255,255,0.0,1.7959844e-06,98.20693969726562,98.35662078857422,98.49661254882812
256,256,0.0,1.7959844e-06,98.20693969726562,98.35662078857422,98.49661254882812
257,257,0.0,1.7959844e-06,98.20693969726562,98.35662078857422,98.49661254882812
258,258,0.0,1.7959844e-06,98.20693969726562,98.35662078857422,98.49661254882812
259,259,0.0,1.7959844e-06,98.20693969726562,98.35662078857422,98.49661254882812
260,260,0.0,1.7959844e-06,98.20693969726562,98.35662078857422,98.49661254882812
261,261,0.0,1.7959844e-06,98.20693969726562,98.35662078857422,98.49661254882812
262,262,0.0,1.7959844e-06,98.20693969726562,98.35662078857422,98.49661254882812
263,263,0.0,1.7959844e-06,98.20693969726562,98.35662078857422,98.49661254882812
264,264,0.0,1.7959844e-06,98.20693969726562,98.35662078857422,98.49661254882812
265,265,0.0,1.7959844e-06,98.20693969726562,98.35662078857422,98.49661254882812
266,266,0.0,1.7959844e-06,98.20693969726562,98.35662078857422,98.49661254882812
267,267,0.0,1.7959844e-06,98.20693969726562,98.35662078857422,98.49661254882812
268,268,0.0,1.7959844e-06,98.20693969726562,98.35662078857422,98.49661254882812
269,269,0.0,1.7959844e-06,98.20693969726562,98.35662078857422,98.49661254882812
270,270,0.0,1.7959844e-06,98.20693969726562,98.35662078857422,98.49661254882812
271,271,0.0,1.7959844e-06,98.20693969726562,98.35662078857422,98.49661254882812
272,272,0.0,1.7959844e-06,98.20693969726562,98.35662078857422,98.49661254882812
273,273,0.0,1.7959844e-06,98.20693969726562,98.35662078857422,98.49661254882812
274,274,0.0,1.7959844e-06,98.20693969726562,98.35662078857422,98.49661254882812
275,275,0.0,1.7959844e-06,98.20693969726562,98.35662078857422,98.49661254882812
276,276,0.0,1.7959844e-06,98.20693969726562,98.35662078857422,98.49661254882812
277,277,0.0,1.7959844e-06,98.20693969726562,98.35662078857422,98.49661254882812
278,278,0.0,1.7959844e-06,98.20693969726562,98.35662078857422,98.49661254882812
279,279,0.0,1.7959844e-06,98.20693969726562,98.35662078857422,98.49661254882812
280,280,0.0,1.7959844e-06,98.20693969726562,98.35662078857422,98.49661254882812
281,281,0.0,1.7959844e-06,98.20693969726562,98.35662078857422,98.49661254882812
282,282,0.0,1.7959844e-06,98.20693969726562,98.35662078857422,98.49661254882812
283,283,0.0,1.7959844e-06,98.20693969726562,98.35662078857422,98.49661254882812
284,284,0.0,1.7959844e-06,98.20693969726562,98.35662078857422,98.49661254882812
285,285,0.0,1.7959844e-06,98.20693969726562,98.35662078857422,98.49661254882812
286,286,0.0,1.7959844e-06,98.20693969726562,98.35662078857422,98.49661254882812
287,287,0.0,1.7959844e-06,98.20693969726562,98.35662078857422,98.49661254882812
288,288,0.0,1.7959844e-06,98.20693969726562,98.35662078857422,98.49661254882812
289,289,0.0,1.7959844e-06,98.20693969726562,98.35662078857422,98.49661254882812
290,290,0.0,1.7959844e-06,98.20693969726562,98.35662078857422,98.49661254882812
291,291,0.0,1.7959844e-06,98.20693969726562,98.35662078857422,98.49661254882812
292,292,0.0,1.7959844e-06,98.20693969726562,98.35662078857422,98.49661254882812
293,293,0.0,1.7959844e-06,98.20693969726562,98.35662078857422,98.49661254882812
294,294,0.0,1.7959844e-06,98.20693969726562,98.35662078857422,98.49661254882812
295,295,0.0,1.7959844e-06,98.20693969726562,98.35662078857422,98.49661254882812
296,296,0.0,1.7959844e-06,98.20693969726562,98.35662078857422,98.49661254882812
297,297,0.0,1.7959844e-06,98.20693969726562,98.35662078857422,98.49661254882812
298,298,0.0,1.7959844e-06,98.20693969726562,98.35662078857422,98.49661254882812
299,299,0.0,1.7959844e-06,98.20693969726562,98.35662078857422,98.49661254882812
300,300,0.0,1.7959844e-06,98.20693969726562,98.35662078857422,98.49661254882812
301,301,0.0,1.7959844e-06,98.20693969726562,98.35662078857422,98.49661254882812
302,302,0.0,1.7959844e-06,98.20693969726562,98.35662078857422,98.49661254882812
303,303,0.0,1.7959844e-06,98.20693969726562,98.35662078857422,98.49661254882812
304,304,0.0,1.7959844e-06,98.20693969726562,98.35662078857422,98.49661254882812
305,305,0.0,1.7959844e-06,98.20693969726562,98.35662078857422,98.49661254882812
306,306,0.0,1.7959844e-06,98.20693969726562,98.35662078857422,98.49661254882812
307,307,0.0,1.7959844e-06,98.20693969726562,98.35662078857422,98.49661254882812
308,308,0.0,1.7959844e-06,98.20693969726562,98.35662078857422,98.49661254882812
309,309,0.0,1.7959844e-06,98.20693969726562,98.35662078857422,98.49661254882812
310,310,0.0,1.7959844e-06,98.20693969726562,98.35662078857422,98.49661254882812
311,311,0.0,1.7959844e-06,98.20693969726562,98.35662078857422,97.46511840820312
312,312,0.0,1.7959844e-06,98.20693969726562,96.82294464111328,96.43364715576172
313,313,0.5749315924336279,0.0017083429,95.18096923828125,95.28925323486328,95.40220642089844
314,314,0.0,1.795983e-06,95.18096923828125,95.28929138183594,95.4029312133789
315,315,0.0,1.795983e-06,95.18093872070312,95.29033660888672,95.40349578857422
316,316,8.725325052533006e-07,5.102549e-06,95.18297576904297,95.29110717773438,95.40433502197266
317,317,0.00014729285301280488,9.346127e-06,95.1825180053711,95.29138946533203,95.40351867675781
318,318,0.0,1.795983e-06,95.18351745605469,95.29035949707031,95.40309143066406
319,319,4.9240694432105355e-05,3.3229824e-06,95.18040466308594,95.28915405273438,95.40232849121094
320,320,1.0038893902377313e-06,4.6675177e-06,95.18085479736328,95.28946685791016,95.40257263183594
321,321,0.0,1.795983e-06,95.18085479736328,95.28946685791016,95.40257263183594
322,322,0.0,1.795983e-06,95.18085479736328,95.28946685791016,95.40257263183594
323,323,0.0,1.795983e-06,96.23524475097656,96.08635711669922,96.02471160888672
324,324,0.0,1.795983e-06,96.23524475097656,96.08635711669922,96.02471160888672
325,325,0.0,1.795983e-06,96.23636627197266,96.08688354492188,96.02477264404297
326,326,0.0,1.795983e-06,96.23733520507812,96.08849334716797,96.02655792236328
327,327,0.0,1.795983e-06,96.24000549316406,96.09201049804688,96.02976989746094
328,328,0.0,1.795983e-06,96.23989868164062,96.09159088134766,96.02932739257812
329,329,0.0,1.795983e-06,96.24221801757812,96.09457397460938,96.03199768066406
330,330,0.0,1.795983e-06,96.24462890625,96.09736633300781,96.03507232666016
331,331,0.0,1.795983e-06,96.24462890625,96.09736633300781,96.03507232666016
332,332,0.0,1.795983e-06,96.24462890625,96.09736633300781,96.03507232666016
333,333,0.0,1.795983e-06,96.24462890625,96.09736633300781,96.03507232666016
334,334,0.0,1.795983e-06,96.24462890625,96.09736633300781,96.03507232666016
335,335,0.0,1.795983e-06,96.24462890625,96.09736633300781,96.03507232666016
336,336,0.0,1.795983e-06,96.24462890625,96.09736633300781,96.03507232666016
337,337,0.0,1.795983e-06,96.24462890625,96.09736633300781,96.03507232666016
338,338,0.0,1.795983e-06,96.24462890625,96.09736633300781,96.03507232666016
339,339,0.0,1.795983e-06,96.24462890625,96.09736633300781,96.03507232666016
340,340,0.0,1.795983e-06,96.24462890625,96.09736633300781,96.03507232666016
341,341,0.0,1.795983e-06,96.24462890625,96.09736633300781,96.03507232666016
342,342,0.0,1.795983e-06,96.24462890625,96.09736633300781,96.03507232666016
343,343,0.0,1.795983e-06,96.24462890625,96.09736633300781,96.03507232666016
344,344,0.0,1.795983e-06,96.24462890625,96.09736633300781,96.03507232666016
345,345,0.0,1.795983e-06,96.24462890625,96.09736633300781,96.03507232666016
346,346,0.0,1.795983e-06,96.24462890625,96.09736633300781,96.03507232666016
347,347,0.0,1.795983e-06,96.24462890625,96.09736633300781,96.03507232666016
348,348,0.0,1.795983e-06,96.24462890625,96.09736633300781,96.03507232666016
349,349,0.0,1.795983e-06,96.24462890625,96.09736633300781,96.03507232666016
350,350,0.0,1.795983e-06,96.24462890625,96.09736633300781,96.03507232666016
351,351,0.0,1.795983e-06,96.24462890625,96.09736633300781,96.03507232666016
352,352,0.0,1.795983e-06,96.24462890625,96.09736633300781,96.03507232666016
353,353,0.0,1.795983e-06,96.24462890625,96.09736633300781,96.03507232666016
354,354,0.0,1.795983e-06,96.24462890625,96.09736633300781,96.03507232666016
355,355,0.0,1.795983e-06,96.24462890625,96.09736633300781,96.03507232666016
356,356,0.0,1.795983e-06,96.24462890625,96.09736633300781,96.03507232666016
357,357,0.0,1.795983e-06,96.24462890625,96.09736633300781,96.03507232666016
358,358,0.0,1.795983e-06,96.24462890625,96.09736633300781,96.03507232666016
359,359,0.0,1.795983e-06,96.24462890625,96.09736633300781,96.03507232666016
360,360,0.0,1.795983e-06,96.24462890625,96.09736633300781,96.03507232666016
361,361,0.0,1.795983e-06,96.24462890625,96.09736633300781,96.03507232666016
362,362,0.0,1.795983e-06,96.24462890625,96.09736633300781,96.03507232666016
363,363,0.0,1.795983e-06,96.24462890625,96.09736633300781,96.03507232666016
364,364,0.0,1.795983e-06,96.24462890625,96.09736633300781,96.03507232666016
365,365,0.0,1.795983e-06,96.24462890625,96.09736633300781,96.03507232666016
366,366,0.0,1.795983e-06,96.24462890625,96.09736633300781,96.03507232666016
367,367,0.0,1.795983e-06,96.24462890625,96.09736633300781,96.03507232666016
368,368,0.0,1.795983e-06,96.24462890625,96.09736633300781,96.03507232666016
369,369,0.0,1.795983e-06,96.24462890625,96.09736633300781,96.03507232666016
370,370,0.0,1.795983e-06,96.24462890625,96.09736633300781,96.03507232666016
371,371,0.0,1.795983e-06,96.24462890625,96.09736633300781,96.03507232666016
372,372,0.0,1.795983e-06,96.24462890625,96.09736633300781,96.03507232666016
373,373,0.0,1.795983e-06,96.24462890625,96.09736633300781,96.03507232666016
374,374,0.0,1.795983e-06,96.24462890625,96.09736633300781,96.03507232666016
375,375,0.0,1.795983e-06,96.24462890625,96.09736633300781,96.03507232666016
376,376,0.0,1.795983e-06,96.24462890625,96.09736633300781,96.03507232666016
377,377,0.0,1.795983e-06,96.24462890625,96.09736633300781,96.03507232666016
378,378,0.0,1.795983e-06,96.24462890625,96.09736633300781,96.03507232666016
379,379,0.0,1.795983e-06,96.24462890625,96.09736633300781,96.03507232666016
380,380,0.0,1.795983e-06,96.24462890625,96.09736633300781,96.03507232666016
381,381,0.0,1.795983e-06,96.24462890625,96.09736633300781,96.03507232666016
382,382,0.0,1.795983e-06,96.24462890625,96.09736633300781,96.03507232666016
383,383,0.0,1.795983e-06,96.24462890625,96.09736633300781,96.03507232666016
384,384,0.0,1.795983e-06,96.24462890625,96.09736633300781,96.03507232666016
385,385,0.0,1.795983e-06,96.24462890625,96.09736633300781,96.03507232666016
386,386,0.0,1.795983e-06,96.24462890625,96.09736633300781,96.03507232666016
387,387,0.0,1.795983e-06,96.24462890625,96.09736633300781,96.03507232666016
388,388,0.0,1.795983e-06,96.24462890625,96.09736633300781,96.03507232666016
389,389,0.0,1.795983e-06,96.24462890625,96.09736633300781,96.03507232666016
390,390,0.0,1.795983e-06,96.24462890625,96.09736633300781,96.03507232666016
391,391,0.0,1.795983e-06,96.24462890625,96.09736633300781,96.03507232666016
392,392,0.0,1.795983e-06,96.24462890625,96.09736633300781,96.03507232666016
393,393,0.0,1.795983e-06,96.24462890625,96.09736633300781,96.03507232666016
394,394,0.0,1.795983e-06,96.24462890625,96.09736633300781,96.03507232666016
395,395,0.0,1.795983e-06,96.24462890625,96.09736633300781,96.03507232666016
396,396,0.0,1.795983e-06,96.24462890625,96.09736633300781,96.03507232666016
397,397,0.0,1.795983e-06,96.24462890625,96.09736633300781,96.03507232666016
398,398,0.0,1.795983e-06,96.24462890625,96.09736633300781,96.03507232666016
399,399,0.0,1.795983e-06,96.24462890625,96.09736633300781,96.03507232666016
400,400,0.0,1.795983e-06,96.24462890625,96.09736633300781,96.03507232666016
401,401,0.0,1.795983e-06,96.24462890625,96.09736633300781,96.03507232666016
402,402,0.0,1.795983e-06,96.24462890625,96.09736633300781,96.03507232666016
403,403,0.0,1.795983e-06,96.24462890625,96.09736633300781,96.03507232666016
404,404,0.0,1.795983e-06,96.24462890625,96.09736633300781,96.03507232666016
405,405,0.0,1.795983e-06,96.24462890625,96.09736633300781,96.03507232666016
406,406,0.0,1.795983e-06,96.24462890625,96.09736633300781,96.03507232666016
407,407,0.0,1.795983e-06,96.24462890625,96.09736633300781,96.03507232666016
408,408,0.0,1.795983e-06,96.24462890625,96.09736633300781,96.03507232666016
409,409,0.0,1.795983e-06,96.24462890625,96.09736633300781,96.03507232666016
410,410,0.0,1.795983e-06,96.24462890625,96.09736633300781,96.03507232666016
411,411,0.0,1.795983e-06,96.24462890625,96.09736633300781,96.03507232666016
412,412,0.0,1.795983e-06,96.24462890625,96.09736633300781,96.03507232666016
413,413,0.0,1.795983e-06,96.24462890625,96.09736633300781,96.03507232666016
414,414,0.0,1.795983e-06,96.24462890625,96.09736633300781,96.03507232666016
415,415,0.0,1.795983e-06,96.24462890625,96.09736633300781,96.03507232666016
416,416,0.0,1.795983e-06,96.24462890625,96.09736633300781,96.03507232666016
417,417,0.0,1.795983e-06,96.24462890625,96.09736633300781,96.03507232666016
418,418,0.0,1.795983e-06,96.24462890625,96.09736633300781,96.03507232666016
419,419,0.0,1.795983e-06,96.24462890625,96.09736633300781,96.03507232666016
420,420,0.0,1.795983e-06,96.24462890625,96.09736633300781,96.03507232666016
421,421,0.0,1.795983e-06,96.24462890625,96.09736633300781,96.03507232666016
422,422,0.0,1.795983e-06,96.24462890625,96.09736633300781,96.03507232666016
423,423,0.0,1.795983e-06,96.24462890625,96.09736633300781,96.03507232666016
424,424,0.0,1.795983e-06,96.24462890625,96.09736633300781,96.03507232666016
425,425,0.0,1.795983e-06,96.24462890625,96.09736633300781,96.03507232666016
426,426,0.0,1.795983e-06,96.24462890625,96.09736633300781,96.03507232666016
427,427,0.0,1.795983e-06,96.24462890625,96.09736633300781,96.03507232666016
428,428,0.0,1.795983e-06,96.24462890625,96.09736633300781,96.03507232666016
429,429,0.0,1.795983e-06,96.24462890625,96.09736633300781,96.03507232666016
430,430,0.0,1.795983e-06,96.24462890625,96.09736633300781,96.03507232666016
431,431,0.0,1.795983e-06,96.24462890625,96.09736633300781,96.03507232666016
432,432,0.0,1.795983e-06,96.24462890625,96.09736633300781,96.03507232666016
433,433,0.0,1.795983e-06,96.24462890625,96.09736633300781,96.03507232666016
434,434,0.0,1.795983e-06,96.24462890625,96.09736633300781,96.03507232666016
435,435,0.0,1.795983e-06,96.24462890625,96.09736633300781,96.03507232666016
436,436,0.0,1.795983e-06,96.24462890625,96.09736633300781,96.03507232666016
437,437,0.0,1.795983e-06,96.24462890625,96.09736633300781,96.03507232666016
438,438,0.0,1.795983e-06,96.24462890625,96.09736633300781,96.03507232666016
439,439,0.0,1.795983e-06,96.24462890625,96.09736633300781,96.03507232666016
440,440,0.0,1.795983e-06,96.24462890625,96.09736633300781,96.03507232666016
441,441,0.0,1.795983e-06,96.24462890625,96.09736633300781,96.03507232666016
442,442,0.0,1.795983e-06,96.24462890625,96.09736633300781,96.03507232666016
443,443,0.0,1.795983e-06,96.24462890625,96.09736633300781,96.03507232666016
444,444,0.0,1.795983e-06,96.24462890625,96.09736633300781,96.03507232666016
445,445,0.0,1.795983e-06,96.24462890625,96.09736633300781,96.03507232666016
446,446,0.0,1.795983e-06,96.24462890625,96.09736633300781,96.03507232666016
447,447,0.0,1.795983e-06,96.24462890625,96.09736633300781,96.03507232666016
448,448,0.0,1.795983e-06,96.24462890625,96.09736633300781,96.03507232666016
449,449,0.0,1.795983e-06,96.24462890625,96.09736633300781,96.03507232666016
450,450,0.0,1.795983e-06,96.24462890625,96.09736633300781,96.03507232666016
451,451,0.0,1.795983e-06,96.24462890625,96.09736633300781,96.03507232666016
452,452,0.0,1.795983e-06,96.24462890625,96.09736633300781,96.03507232666016
453,453,0.0,1.795983e-06,96.24462890625,96.09736633300781,96.03507232666016
454,454,0.0,1.795983e-06,96.24462890625,96.09736633300781,96.03507232666016
455,455,0.0,1.795983e-06,96.24462890625,96.09736633300781,96.03507232666016
456,456,0.0,1.795983e-06,96.24462890625,96.09736633300781,96.03507232666016
457,457,0.0,1.795983e-06,96.24462890625,96.09736633300781,96.03507232666016
458,458,0.0,1.795983e-06,96.24462890625,96.09736633300781,96.03507232666016
459,459,0.0,1.795983e-06,96.24462890625,96.09736633300781,96.03507232666016
460,460,0.0,1.795983e-06,96.24462890625,96.09736633300781,96.03507232666016
461,461,0.0,1.795983e-06,96.24462890625,96.09736633300781,96.03507232666016
462,462,0.0,1.795983e-06,96.24462890625,96.09736633300781,96.03507232666016
463,463,0.0,1.795983e-06,96.24462890625,96.09736633300781,96.03507232666016
464,464,0.0,1.795983e-06,96.24462890625,96.09736633300781,96.03507232666016
465,465,0.0,1.795983e-06,96.24462890625,96.09736633300781,96.03507232666016
466,466,0.0,1.795983e-06,96.24462890625,96.09736633300781,96.03507232666016
467,467,0.0,1.795983e-06,96.24462890625,96.09736633300781,96.03507232666016
468,468,0.0,1.795983e-06,96.24462890625,96.09736633300781,96.03507232666016
469,469,0.0,1.795983e-06,96.24462890625,96.09736633300781,96.03507232666016
470,470,0.0,1.795983e-06,96.24462890625,96.09736633300781,96.03507232666016
471,471,0.0,1.795983e-06,96.24462890625,96.09736633300781,96.03507232666016
472,472,0.0,1.795983e-06,96.24462890625,96.09736633300781,96.03507232666016
473,473,0.0,1.795983e-06,96.24462890625,96.09736633300781,96.03507232666016
474,474,0.0,1.795983e-06,96.24462890625,96.09736633300781,96.03507232666016
475,475,0.0,1.795983e-06,96.24462890625,96.09736633300781,96.03507232666016
476,476,0.0,1.795983e-06,96.24462890625,96.09736633300781,96.03507232666016
477,477,0.0,1.795983e-06,96.24462890625,96.09736633300781,96.03507232666016
478,478,0.0,1.795983e-06,96.24462890625,96.09736633300781,96.03507232666016
479,479,0.0,1.795983e-06,96.24462890625,96.09736633300781,96.03507232666016
480,480,0.0,1.795983e-06,96.24462890625,96.09736633300781,96.03507232666016
481,481,0.0,1.795983e-06,96.24462890625,96.09736633300781,96.03507232666016
482,482,0.0,1.795983e-06,96.24462890625,96.09736633300781,96.03507232666016
483,483,0.0,1.795983e-06,96.24462890625,96.09736633300781,96.03507232666016
484,484,0.0,1.795983e-06,96.24462890625,96.09736633300781,96.03507232666016
485,485,0.0,1.795983e-06,96.24462890625,96.09736633300781,96.03507232666016
486,486,0.0,1.795983e-06,96.24462890625,96.09736633300781,96.03507232666016
487,487,0.0,1.795983e-06,96.24462890625,96.09736633300781,96.03507232666016
488,488,0.0,1.795983e-06,96.24462890625,96.09736633300781,98.39600372314453
489,489,0.0,1.795983e-06,96.24462890625,99.6470947265625,100.75692749023438
490,490,0.0023528880438732935,0.00018911962,103.47306060791016,103.19682312011719,103.11788177490234
491,491,4.400148705360747e-06,2.7833312e-06,103.47306060791016,103.19682312011719,103.11788177490234
492,492,0.0,1.7587977e-06,103.47306060791016,103.19682312011719,103.11788177490234
493,493,0.0,1.7587977e-06,103.47306060791016,103.19682312011719,103.11788177490234
494,494,4.790287582999056e-06,4.26568e-05,103.47306060791016,103.19682312011719,103.11788177490234
495,495,0.0,1.796052e-06,103.47306060791016,103.19682312011719,103.11788177490234
496,496,0.0,1.796052e-06,103.47306060791016,103.19682312011719,103.11788177490234
497,497,0.0,1.796052e-06,103.47306060791016,103.19682312011719,103.11788177490234
498,498,0.0,1.796052e-06,103.47306060791016,103.19682312011719,103.11788177490234
499,499,0.0,1.796052e-06,103.47306060791016,103.19682312011719,103.11788177490234
500,500,0.0,1.796052e-06,101.06198120117188,101.06488800048828,101.08382415771484
501,501,0.0,1.796052e-06,101.06198120117188,101.06488800048828,101.08382415771484
502,502,0.0,1.796052e-06,101.06198120117188,101.06488800048828,101.08382415771484
503,503,0.0,1.796052e-06,101.06198120117188,101.06488800048828,101.08382415771484
504,504,0.0,1.796052e-06,101.06198120117188,101.06488800048828,101.08382415771484
505,505,0.0,1.796052e-06,101.06198120117188,101.06488800048828,101.08382415771484
506,506,0.0,1.796052e-06,101.06198120117188,101.06488800048828,101.08382415771484
507,507,0.0,1.796052e-06,101.06198120117188,101.06488800048828,101.08382415771484
508,508,0.0,1.796052e-06,101.06198120117188,101.06488800048828,101.08382415771484
509,509,0.0,1.796052e-06,101.06198120117188,101.06488800048828,101.08382415771484
510,510,0.0,1.796052e-06,101.06198120117188,101.06488800048828,101.08382415771484
511,511,0.0,1.796052e-06,101.06198120117188,101.06488800048828,101.08382415771484
512,512,0.0,1.796052e-06,101.06198120117188,101.06488800048828,101.08382415771484
513,513,0.0,1.796052e-06,101.06198120117188,101.06488800048828,101.08382415771484
514,514,0.0,1.796052e-06,101.06198120117188,101.06488800048828,101.08382415771484
515,515,0.0,1.796052e-06,101.06198120117188,101.06488800048828,101.08382415771484
516,516,0.0,1.796052e-06,101.06198120117188,101.06488800048828,101.08382415771484
517,517,0.0,1.796052e-06,101.06198120117188,101.06488800048828,101.08382415771484
518,518,0.0,1.796052e-06,101.06198120117188,101.06488800048828,101.08382415771484
519,519,0.0,1.796052e-06,101.06198120117188,101.06488800048828,101.08382415771484
520,520,0.0,1.796052e-06,101.06198120117188,101.06488800048828,101.08382415771484
521,521,0.0,1.796052e-06,101.06198120117188,101.06488800048828,101.08382415771484
522,522,0.0,1.796052e-06,101.06198120117188,101.06488800048828,101.08382415771484
523,523,0.0,1.796052e-06,101.06198120117188,101.06488800048828,101.08382415771484
524,524,0.0,1.796052e-06,101.06198120117188,101.06488800048828,101.08382415771484
525,525,0.0,1.796052e-06,101.06198120117188,101.06488800048828,101.08382415771484
526,526,0.0,1.796052e-06,101.06198120117188,101.06488800048828,101.08382415771484
527,527,0.0,1.796052e-06,101.06198120117188,101.06488800048828,101.08382415771484
528,528,0.0,1.796052e-06,101.06198120117188,101.06488800048828,101.08382415771484
529,529,0.0,1.796052e-06,101.06198120117188,101.06488800048828,101.08382415771484
530,530,0.0,1.796052e-06,101.06198120117188,101.06488800048828,101.08382415771484
531,531,0.0,1.796052e-06,101.06198120117188,101.06488800048828,101.08382415771484
532,532,0.0,1.796052e-06,101.06198120117188,101.06488800048828,101.08382415771484
533,533,0.0,1.796052e-06,101.06198120117188,101.06488800048828,101.08382415771484
534,534,0.0,1.796052e-06,101.06198120117188,101.06488800048828,101.08382415771484
535,535,0.0,1.796052e-06,101.06198120117188,101.06488800048828,101.08382415771484
536,536,0.0,1.796052e-06,101.06198120117188,101.06488800048828,101.08382415771484
537,537,0.0,1.796052e-06,101.06198120117188,101.06488800048828,101.08382415771484
538,538,0.0,1.796052e-06,101.06198120117188,101.06488800048828,101.08382415771484
539,539,0.0,1.796052e-06,101.06198120117188,101.06488800048828,101.08382415771484
540,540,0.0,1.796052e-06,101.06198120117188,101.06488800048828,101.08382415771484
541,541,0.0,1.796052e-06,101.06198120117188,101.06488800048828,101.08382415771484
542,542,0.0,1.796052e-06,101.06198120117188,101.06488800048828,101.08382415771484
543,543,0.0,1.796052e-06,101.06198120117188,101.06488800048828,101.08382415771484
544,544,0.0,1.796052e-06,101.06198120117188,101.06488800048828,101.08382415771484
545,545,0.0,1.796052e-06,101.06198120117188,101.06488800048828,100.40251922607422
546,546,0.0,1.796052e-06,101.06198120117188,100.05174255371094,99.72122192382812
547,547,0.575046983085367,0.0016745445,99.05516052246094,99.03860473632812,99.03992462158203
548,548,0.0,1.796054e-06,99.05516052246094,99.03860473632812,99.03968048095703
549,549,0.0,1.796054e-06,99.05516052246094,99.03823852539062,99.04682159423828
550,550,2.7103162853276618e-06,8.614704e-06,99.05447387695312,99.04891967773438,99.05526733398438
551,551,0.0002602415854472958,0.00020427466,99.0765609741211,99.06190490722656,99.06575775146484
552,552,0.00026112074545508416,2.5839525e-05,99.08041381835938,99.0665283203125,99.08531951904297
553,553,0.0002283506108162957,3.9418832e-05,99.08576965332031,99.09381103515625,99.1082534790039
554,554,0.0003256154604194828,6.318986e-05,99.13526153564453,99.12539672851562,99.1295394897461
555,555,4.8174818672933444e-05,5.207576e-05,99.1491928100586,99.13262939453125,99.13473510742188
556,556,4.866300728170122e-05,2.8745155e-06,99.14967346191406,99.13345336914062,99.133544921875
557,557,0.0,1.7960542e-06,98.20868682861328,98.38015747070312,98.51334381103516
558,558,8.900394265385375e-05,3.3823948e-05,98.20372772216797,98.37789154052734,98.51207733154297
559,559,6.0589421752155876e-05,6.169239e-05,98.20409393310547,98.37843322753906,98.51265716552734
560,560,2.518575915080505e-05,3.5158835e-05,98.20943450927734,98.38127899169922,98.51438903808594
561,561,0.0,1.7960542e-06,98.2135009765625,98.37992858886719,98.50833129882812
562,562,6.37109918910345e-05,4.6831006e-05,98.16355895996094,98.3515853881836,98.49500274658203
563,563,8.20557364361086e-05,6.12809e-05,98.14524841308594,98.34797668457031,98.51347351074219
564,564,0.0,1.7960543e-06,98.19108581542969,98.31863403320312,98.57231903076172
565,565,0.0,1.7960543e-06,98.1297607421875,98.31346130371094,98.53250885009766
566,566,5.47813188087223e-05,3.119125e-05,98.1300277709961,98.31229400634766,98.53193664550781
567,567,5.1000088678011535e-05,3.2494612e-05,98.12110900878906,98.30774688720703,98.5250015258789
568,568,0.0,1.7960543e-06,98.14517211914062,98.30266571044922,98.53759002685547
569,569,0.0,1.7960543e-06,98.13607788085938,98.301513671875,98.53583526611328
570,570,3.969431141511939e-05,1.7737913e-05,98.12886047363281,98.30087280273438,98.53485107421875
571,571,4.802457807872216e-05,3.4587738e-05,98.13640594482422,98.30538940429688,98.53831481933594
572,572,0.0,1.7960543e-06,98.13832092285156,98.3106918334961,98.54155731201172
573,573,0.0,1.7960543e-06,98.13741302490234,98.31118774414062,98.53775024414062
574,574,2.8092183584559167e-05,1.3045572e-05,98.13749694824219,98.31259155273438,98.53802490234375
575,575,3.191078327389496e-05,3.2162818e-05,98.1336441040039,98.30704498291016,98.53202056884766
576,576,0.0,1.7960543e-06,98.12639617919922,98.30876159667969,98.52609252929688
577,577,6.617877110175168e-06,7.942395e-06,98.12417602539062,98.30754852294922,98.51742553710938
578,578,1.322714569821072e-05,9.169102e-06,98.12125396728516,98.29640197753906,98.50794982910156
579,579,4.772531124832939e-05,3.2798605e-05,98.10417938232422,98.28520202636719,98.50464630126953
580,580,0.0,1.7960543e-06,98.0989990234375,98.28816986083984,98.50656127929688
581,581,0.0,1.7960543e-06,98.11028289794922,98.29705810546875,98.51683044433594
582,582,2.7848792357549376e-05,1.5323698e-05,98.11297607421875,98.29812622070312,98.52007293701172
583,583,3.171309126671043e-05,3.7437527e-05,98.10567474365234,98.3025894165039,98.53278350830078
584,584,0.0,1.7960543e-06,98.1160888671875,98.32289123535156,98.53688049316406
585,585,6.55830053029486e-06,7.598382e-06,98.1472396850586,98.32677459716797,98.52055358886719
586,586,1.3108090482396693e-05,1.0565175e-05,98.11996459960938,98.31185913085938,98.50257110595703
587,587,4.743120476323704e-05,3.5661677e-05,98.1115951538086,98.29318237304688,98.49342346191406
588,588,0.0,1.7960543e-06,98.08866119384766,98.29515075683594,98.48651123046875
589,589,0.0,1.7960543e-06,98.15505981445312,98.27737426757812,98.47541046142578
590,590,2.109041363696591e-05,1.321057e-05,98.13396453857422,98.26535034179688,99.16417694091797
591,591,3.152821161849552e-05,3.5031728e-05,98.12991333007812,99.33206939697266,99.78602600097656
592,592,0.14782099696808992,0.02002437,100.26087188720703,100.35570526123047,100.49535369873047
593,593,0.3438805841148559,0.037895866,100.0018310546875,100.26283264160156,100.67671966552734
594,594,0.16093508628968134,0.01904935,100.01448822021484,100.59729766845703,100.83468627929688
595,595,0.2986209133542891,0.044632886,100.73355102539062,100.80839538574219,101.05623626708984
596,596,0.15157543194938258,0.04000856,100.51648712158203,100.88639068603516,101.02592468261719
597,597,0.12847628430315144,0.027741574,100.84095764160156,100.87442779541016,100.93842315673828
598,598,0.23157670646956352,0.073614776,100.69650268554688,100.56330108642578,100.94750213623047
599,599,0.37643958176121545,0.11899021,100.91162872314453,100.72206115722656,100.8329086303711
600,600,0.3123073493196068,0.083359875,102.19467163085938,100.5361328125,100.8531723022461
601,601,0.1349167269582652,0.04268219,100.60250854492188,100.31717681884766,100.8773422241211
602,602,0.3692883046147656,0.12464207,102.15226745605469,100.94033813476562,101.44680786132812
603,603,0.24945232963262814,0.07676029,102.80706024169922,102.77481079101562,102.68868255615234
604,604,0.26318742983234683,0.07588104,103.00094604492188,102.82747650146484,102.74909210205078
605,605,0.2699020299807593,0.07552001,103.05714416503906,103.07695770263672,103.02764129638672
606,606,0.2547072004012156,0.076559514,103.37808227539062,103.16287231445312,102.71820831298828
607,607,0.26585217240899695,0.07456333,103.18905639648438,102.5987548828125,102.56845092773438
608,608,0.25520641517744896,0.07382763,101.50320434570312,101.869873046875,101.88740539550781
609,609,0.25516930151442596,0.07502494,102.68367004394531,102.54033660888672,102.41492462158203
610,610,0.23506177475728662,0.07255952,102.7830581665039,102.6548080444336,102.7386703491211
611,611,0.24621594947773418,0.074053444,102.7204818725586,102.91830444335938,102.895751953125
612,612,0.26188981262196187,0.073573,103.19364929199219,103.08599090576172,102.70973205566406
613,613,0.20639982956858965,0.07496747,101.32904052734375,100.96985626220703,101.10675811767578
614,614,0.22705869161073552,0.0723811,99.97185516357422,100.52567291259766,100.6025390625
615,615,0.22662800284605283,0.06921282,103.06558227539062,102.65301513671875,102.34227752685547
616,616,0.22143937120889637,0.06571959,101.96886444091797,101.83196258544922,101.83689880371094
617,617,0.04185607503484705,0.02475142,100.856689453125,101.06916046142578,100.72969055175781
618,618,0.15984914317722668,0.058029287,102.58049011230469,101.74989318847656,101.61316680908203
619,619,0.19976581981461825,0.036115315,101.08200073242188,101.33402252197266,101.66156005859375
620,620,0.1461354970392715,0.018933339,99.6496810913086,100.27682495117188,100.59173583984375
621,621,0.3131722218576865,0.06647512,102.70016479492188,102.64031219482422,101.92899322509766
622,622,0.11822446490040843,0.02958147,101.50348663330078,100.57974243164062,100.25252532958984
623,623,0.05744101204733654,0.013796791,98.56605529785156,98.72130584716797,98.84306335449219
624,624,0.0,1.7963145e-06,100.74475860595703,100.68500518798828,100.62767028808594
625,625,0.0,1.7963145e-06,100.37518310546875,100.33058166503906,100.27656555175781
626,626,0.0001340233161221475,1.825559e-06,100.37083435058594,100.30880737304688,100.26069641113281
627,627,6.710871070708847e-05,7.881103e-06,99.870849609375,99.88756561279297,99.90440368652344
628,628,0.0,1.7963145e-06,99.2010269165039,99.35781860351562,99.48662567138672
629,629,0.0,1.7963145e-06,99.29503631591797,99.43524169921875,99.61601257324219
630,630,2.6967877989282292e-05,5.9365357e-06,98.99779510498047,99.15145874023438,99.24681854248047
631,631,5.3766119360656667e-05,1.0649035e-05,99.45767211914062,98.15817260742188,98.36798858642578
632,632,0.0,1.7963145e-06,99.44776916503906,98.1634750366211,98.41098022460938
633,633,0.0,1.7963145e-06,98.79837036132812,98.36416625976562,98.67182159423828
634,634,1.357818644516934e-05,1.7973788e-06,98.79094696044922,98.37110900878906,98.69477081298828
635,635,5.374731201597273e-05,2.9539901e-06,98.81454467773438,98.40882110595703,98.73047637939453
636,636,0.0,1.7963145e-06,98.8834457397461,98.45696258544922,98.78768920898438
637,637,2.406139559418147e-05,9.553696e-06,98.25070190429688,98.47654724121094,98.68649291992188
638,638,1.357818644516934e-05,1.7973788e-06,98.32219696044922,98.49725341796875,98.70035552978516
639,639,0.0002880118640523443,8.748895e-06,98.29218292236328,98.48196411132812,98.69113159179688
640,640,0.0,1.7963145e-06,98.3175048828125,98.4826431274414,98.8165512084961
641,641,0.00040341925650560513,1.826202e-05,98.37168884277344,98.81830596923828,98.85205078125
642,642,0.15729040014082374,0.021875,98.96227264404297,98.82591247558594,98.954345703125
643,643,0.09096193066139792,0.012212004,98.390625,98.67131805419922,98.89677429199219
644,644,0.3183670714146332,0.03437145,98.55758666992188,98.87152099609375,99.14501953125
645,645,0.07010369526408797,0.012726026,98.91854858398438,99.20519256591797,99.5994644165039
646,646,0.15707706789545192,0.03661519,99.175537109375,99.64201354980469,99.83135223388672
647,647,0.06352035252776708,0.015581699,99.79241180419922,99.85214233398438,99.71599578857422
648,648,0.18055516507369418,0.036455568,99.75080871582031,99.51673889160156,99.84644317626953
649,649,0.11459117013309565,0.047129575,98.84646606445312,99.42086029052734,99.79295349121094
650,650,0.053108484764890725,0.029534707,99.73532104492188,100.00262451171875,100.09790802001953
651,651,0.30743821438738883,0.095071666,99.78765106201172,99.79087829589844,100.39279174804688
652,652,0.24300652135191186,0.06990553,100.46287536621094,101.244140625,101.37283325195312
653,653,0.1550132394787635,0.07098224,102.28482055664062,101.90038299560547,101.90914154052734
654,654,0.15815810721044296,0.070233196,101.78494262695312,101.96560668945312,102.43084716796875
655,655,0.13938333010691897,0.034671973,102.02338409423828,102.60433197021484,102.56365203857422
656,656,0.36049723731675415,0.102710575,102.95963287353516,102.53900909423828,102.721435546875
657,657,0.15160116947073757,0.067699224,101.89083099365234,102.31000518798828,102.27864837646484
658,658,0.33183978241079687,0.10109721,102.5656967163086,102.28562927246094,102.39682006835938
659,659,0.2800745355501984,0.06697848,102.1252212524414,102.36713409423828,102.45980834960938
660,660,0.07726234405901077,0.03344902,102.44316864013672,102.48770141601562,102.31715393066406
661,661,0.23008629571533049,0.100494236,102.74243927001953,102.30803680419922,102.53678131103516
662,662,0.12437480675287131,0.03306718,101.47757720947266,101.84523010253906,101.64875030517578
663,663,0.3036842624704455,0.06582046,102.34746551513672,101.60281372070312,101.18448638916016
664,664,0.1661773780836977,0.0653266,101.38829803466797,100.74784088134766,100.81082916259766
665,665,0.22675172290768897,0.09818606,100.74185180664062,101.09747314453125,101.25952911376953
666,666,0.16576951758134753,0.06505601,102.05682373046875,101.51760864257812,101.50627899169922
667,667,0.16484297513966667,0.06473745,101.48382568359375,101.6767807006836,101.46941375732422
668,668,0.040488343923428996,0.032025553,101.75828552246094,101.30291748046875,101.19839477539062
669,669,0.09251562627359779,0.062010977,101.32038879394531,101.12625122070312,101.04708862304688
670,670,0.11279971618800927,0.058686487,101.09591674804688,101.05886840820312,101.1236343383789
671,671,0.16687545598358444,0.052182082,101.29109954833984,101.14493560791016,100.58113861083984
672,672,0.06789353978268116,0.045371465,101.72750854492188,100.3894271850586,99.93738555908203
673,673,0.11687452920250362,0.061502084,99.37641143798828,99.40461730957031,99.46488952636719
674,674,0.05209292221433122,0.017356548,99.93375396728516,99.42245483398438,99.30126190185547
675,675,0.06401052704637526,0.016018562,99.34683990478516,99.34451293945312,99.33861541748047
676,676,0.14768767706110814,0.042651765,99.54792785644531,99.65829467773438,99.77649688720703
677,677,0.053810753917872385,0.02086157,99.47697448730469,99.37429809570312,99.36073303222656
678,678,0.06785299941497402,0.015860735,99.61677551269531,99.81747436523438,99.98602294921875
679,679,0.09624362038905196,0.06825871,100.03349304199219,100.00668334960938,99.97763061523438
680,680,0.03216651835754842,0.004285794,99.61952209472656,99.7102279663086,99.82246398925781
681,681,0.0,1.7970698e-06,99.56991577148438,99.68344116210938,99.8541488647461
682,682,1.357818644516934e-05,1.7981339e-06,99.36919403076172,98.8829574584961,99.26577758789062
683,683,1.357818644516934e-05,1.798359e-06,98.88821411132812,99.05913543701172,99.31612396240234
684,684,0.0,1.7970698e-06,98.88821411132812,99.05913543701172,99.31612396240234
685,685,0.0,1.7970698e-06,98.88821411132812,99.05913543701172,99.31612396240234
686,686,1.357818644516934e-05,1.7981339e-06,98.88821411132812,99.05913543701172,99.31612396240234
687,687,1.357818644516934e-05,1.798359e-06,98.88821411132812,99.05913543701172,99.31612396240234
688,688,0.0,1.7970698e-06,98.88821411132812,99.05913543701172,99.31612396240234
689,689,0.0,1.7970698e-06,98.88821411132812,99.05913543701172,99.31612396240234
690,690,1.357818644516934e-05,1.7981339e-06,98.88821411132812,99.05913543701172,99.31612396240234
691,691,1.357818644516934e-05,1.798359e-06,98.88821411132812,99.05913543701172,99.31612396240234
692,692,0.0,1.7970698e-06,98.88821411132812,99.05913543701172,99.31612396240234
693,693,0.0,1.7970698e-06,98.88821411132812,99.05913543701172,99.31612396240234
694,694,1.357818644516934e-05,1.7981339e-06,98.88821411132812,99.05913543701172,99.31612396240234
695,695,1.357818644516934e-05,1.798359e-06,98.88821411132812,99.05913543701172,99.31612396240234
696,696,0.0,1.7970698e-06,98.88821411132812,99.05913543701172,99.31612396240234
697,697,0.0,1.7970698e-06,98.88821411132812,99.05913543701172,99.31612396240234
698,698,1.357818644516934e-05,1.7981339e-06,98.88821411132812,99.05913543701172,99.31612396240234
699,699,1.357818644516934e-05,1.798359e-06,98.88821411132812,99.05913543701172,99.31612396240234
700,700,0.0,1.7970698e-06,98.88821411132812,99.05913543701172,99.31612396240234
701,701,0.0,1.7970698e-06,98.88821411132812,99.05913543701172,99.31612396240234
702,702,1.357818644516934e-05,1.7981339e-06,98.88821411132812,99.05913543701172,99.31612396240234
703,703,1.357818644516934e-05,1.798359e-06,98.88821411132812,99.05913543701172,99.31612396240234
704,704,0.0,1.7970698e-06,98.88821411132812,99.05913543701172,99.31612396240234
705,705,0.0,1.7970698e-06,98.88821411132812,99.05913543701172,99.31612396240234
706,706,1.357818644516934e-05,1.7981339e-06,98.88821411132812,99.05913543701172,99.31612396240234
707,707,1.357818644516934e-05,1.798359e-06,98.88821411132812,99.05913543701172,99.31612396240234
708,708,0.0,1.7970698e-06,98.88821411132812,99.05913543701172,99.31612396240234
709,709,0.0,1.7970698e-06,98.88821411132812,99.05913543701172,99.31612396240234
710,710,1.357818644516934e-05,1.7981339e-06,98.88821411132812,99.05913543701172,99.31612396240234
711,711,1.357818644516934e-05,1.798359e-06,98.88821411132812,99.05913543701172,99.31612396240234
712,712,0.0,1.7970698e-06,98.88821411132812,99.05913543701172,99.31612396240234
713,713,0.0,1.7970698e-06,98.88821411132812,99.05913543701172,99.31612396240234
714,714,1.357818644516934e-05,1.7981339e-06,98.88821411132812,99.05913543701172,99.31612396240234
715,715,1.357818644516934e-05,1.798359e-06,98.88821411132812,99.05913543701172,99.31612396240234
716,716,0.0,1.7970698e-06,98.88821411132812,99.05913543701172,99.31612396240234
717,717,0.0,1.7970698e-06,98.88821411132812,99.05913543701172,99.31612396240234
718,718,1.357818644516934e-05,1.7981339e-06,98.88821411132812,99.05913543701172,99.31612396240234
719,719,1.357818644516934e-05,1.798359e-06,98.88821411132812,99.05913543701172,99.31612396240234
720,720,0.0,1.7970698e-06,98.88821411132812,99.05913543701172,99.31612396240234
721,721,0.0,1.7970698e-06,98.88821411132812,99.05913543701172,99.31612396240234
722,722,1.357818644516934e-05,1.7981339e-06,98.88821411132812,99.05913543701172,99.31612396240234
723,723,1.357818644516934e-05,1.798359e-06,98.88821411132812,99.05913543701172,99.31612396240234
724,724,0.0,1.7970698e-06,98.88821411132812,99.05913543701172,99.31612396240234
725,725,0.0,1.7970698e-06,98.88821411132812,99.05913543701172,99.31612396240234
726,726,1.357818644516934e-05,1.7981339e-06,98.88821411132812,99.05913543701172,99.31612396240234
727,727,1.357818644516934e-05,1.798359e-06,98.88821411132812,99.05913543701172,99.31612396240234
728,728,0.0,1.7970698e-06,98.88821411132812,99.05913543701172,99.31612396240234
729,729,0.0,1.7970698e-06,98.88821411132812,99.05913543701172,99.31612396240234
730,730,1.357818644516934e-05,1.7981339e-06,98.88821411132812,99.05913543701172,99.31612396240234
731,731,1.357818644516934e-05,1.798359e-06,98.88821411132812,99.05913543701172,99.31612396240234
732,732,0.0,1.7970698e-06,98.88821411132812,99.05913543701172,99.31612396240234
733,733,0.0,1.7970698e-06,98.88821411132812,99.05913543701172,99.31612396240234
734,734,1.357818644516934e-05,1.7981339e-06,98.88821411132812,99.05913543701172,99.31612396240234
735,735,1.357818644516934e-05,1.798359e-06,98.88821411132812,99.05913543701172,99.31612396240234
736,736,0.0,1.7970698e-06,98.88821411132812,99.05913543701172,99.31612396240234
737,737,0.0,1.7970698e-06,98.88821411132812,99.05913543701172,99.31612396240234
738,738,1.357818644516934e-05,1.7981339e-06,98.88821411132812,99.05913543701172,99.35330200195312
739,739,0.0,1.7974503e-06,98.88821411132812,99.11453247070312,99.39046478271484
740,740,0.008988410492123415,0.0010591192,98.99712371826172,99.16990661621094,99.4276351928711
741,741,4.400148705360747e-06,2.7832639e-06,98.99712371826172,99.16990661621094,99.4276351928711
742,742,0.0,1.7587304e-06,98.99712371826172,99.16990661621094,99.4276351928711
743,743,0.0,1.7587304e-06,98.99712371826172,99.16990661621094,99.4276351928711
744,744,4.790287582999056e-06,4.2656728e-05,98.99712371826172,99.16990661621094,99.4276351928711
745,745,0.0,1.7959846e-06,98.99712371826172,99.16990661621094,99.4276351928711
746,746,0.0,1.7959846e-06,98.99712371826172,99.16990661621094,99.4276351928711
747,747,0.0,1.7959846e-06,98.99712371826172,99.16990661621094,99.4276351928711
748,748,0.0,1.7959846e-06,98.99712371826172,99.16990661621094,99.4276351928711
749,749,0.0,1.7959846e-06,98.99712371826172,99.16990661621094,99.4276351928711
750,750,0.0,1.7959846e-06,98.41630554199219,98.66282653808594,98.9127426147461
751,751,0.0,1.7959846e-06,98.41630554199219,98.66282653808594,98.9127426147461
752,752,0.0,1.7959846e-06,98.41630554199219,98.66282653808594,98.9127426147461
753,753,0.0,1.7959846e-06,98.41630554199219,98.66282653808594,98.9127426147461
754,754,0.0,1.7959846e-06,98.41630554199219,98.66282653808594,98.9127426147461
755,755,0.0,1.7959846e-06,98.41630554199219,98.66282653808594,98.9127426147461
756,756,0.0,1.7959846e-06,98.41630554199219,98.66282653808594,98.9127426147461
757,757,0.0,1.7959846e-06,98.41630554199219,98.66282653808594,98.9127426147461
758,758,0.0,1.7959846e-06,98.41630554199219,98.66282653808594,98.9127426147461
759,759,0.0,1.7959846e-06,98.41630554199219,98.66282653808594,98.9127426147461
760,760,0.0,1.7959846e-06,98.41630554199219,98.66282653808594,98.9127426147461
761,761,0.0,1.7959846e-06,98.41630554199219,98.66282653808594,98.9127426147461
762,762,0.0,1.7959846e-06,98.41630554199219,98.66282653808594,98.9127426147461
763,763,0.0,1.7959846e-06,98.41630554199219,98.66282653808594,98.9127426147461
764,764,0.0,1.7959846e-06,98.41630554199219,98.66282653808594,98.9127426147461
765,765,0.0,1.7959846e-06,98.41630554199219,98.66282653808594,98.9127426147461
766,766,0.0,1.7959846e-06,98.41630554199219,98.66282653808594,98.9127426147461
767,767,0.0,1.7959846e-06,98.41630554199219,98.66282653808594,98.90721130371094
768,768,0.0,1.7959846e-06,98.41630554199219,98.65474700927734,98.89617156982422
769,769,0.00018237635851737412,6.99286e-05,98.40109252929688,98.63833618164062,98.88513946533203
770,770,1.3336980346426075e-05,3.5335033e-06,98.3837890625,98.63001251220703,97.78520202636719
771,771,0.0,1.7959846e-06,98.3837890625,96.97998046875,96.68868255615234
772,772,0.5751713837939259,0.0017706209,95.03565979003906,95.32693481445312,95.593017578125
773,773,1.1901517772062196e-06,5.884034e-06,95.02991485595703,95.32516479492188,95.59060668945312
774,774,6.473149215175096e-06,1.4786436e-05,95.03255462646484,95.32474517822266,95.59088134765625
775,775,0.0001476816457023009,5.2457895e-06,95.02940368652344,95.32390594482422,95.59031677246094
776,776,5.773902168084232e-06,1.1758086e-05,95.03103637695312,95.32474517822266,95.59090423583984
777,777,0.0,1.7959826e-06,95.03103637695312,95.32474517822266,95.59090423583984
778,778,0.0,1.7959826e-06,95.03103637695312,95.32474517822266,95.59090423583984
779,779,0.0,1.7959826e-06,95.01986694335938,95.30779266357422,95.60221099853516
780,780,0.0,1.7959826e-06,95.00347137451172,95.26988983154297,95.56446838378906
781,781,0.0,1.7959826e-06,95.00347137451172,95.26988983154297,95.56446838378906
782,782,0.0,1.7959826e-06,97.03348541259766,96.64752960205078,96.45551300048828
783,783,0.0,1.7959826e-06,97.02921295166016,96.64452362060547,96.45382690429688
784,784,0.0,1.7959826e-06,97.04197692871094,96.65945434570312,96.46757507324219
785,785,0.0,1.7959826e-06,97.04630279541016,96.66387176513672,96.47122192382812
786,786,0.0,1.7959826e-06,97.05448150634766,96.67391967773438,96.48074340820312
787,787,0.0,1.7959826e-06,97.05448150634766,96.67391967773438,96.48074340820312
788,788,0.0,1.7959826e-06,97.05448150634766,96.67391967773438,96.48074340820312
789,789,0.0,1.7959826e-06,97.05448150634766,96.67391967773438,96.48074340820312
790,790,0.0,1.7959826e-06,97.05448150634766,96.67391967773438,96.48074340820312
791,791,0.0,1.7959826e-06,97.05448150634766,96.67391967773438,96.48074340820312
792,792,0.0,1.7959826e-06,97.05448150634766,96.67391967773438,96.48074340820312
793,793,0.0,1.7959826e-06,97.05448150634766,96.67391967773438,96.48074340820312
794,794,0.0,1.7959826e-06,97.05448150634766,96.67391967773438,96.48074340820312
795,795,0.0,1.7959826e-06,97.05448150634766,96.67391967773438,96.48074340820312
796,796,0.0,1.7959826e-06,97.05448150634766,96.67391967773438,96.48074340820312
797,797,0.0,1.7959826e-06,97.05448150634766,96.67391967773438,96.48074340820312
